name	iptm	iptm_range	iptm_median	n_samples	plddt_A	ipae	contacts_A	core_contacts	smc_spans_native	domains
c_hex_a	0.777	0.7704-0.7838	0.777	3	49.872	3.828	79	13	292-297;1413-1421;1439-1469	
c_hex_b	0.794	0.7941-0.8040	0.802	3	66.525	3.835	78	30	292-297;1334-1341;1413-1426;1439-1477	
c_hsa	0.834	0.8239-0.8369	0.834	3	74.390	2.651	61	54	100-117;1125-1170;1227-1240;1251-1288	
c_pme_a	0.808	0.7848-0.8076	0.799	3	61.750	9.297	111	54	226-231;1277-1281;1352-1365;1378-1438	
c_pme_b	0.805	0.7637-0.8270	0.805	3	55.223	2.613	92	25	226-231;1277-1280;1352-1365;1376-1409	
c_rva_a	0.677	0.1377-0.6768	0.379	3	37.995		36	0		
c_rva_b	0.763	0.7116-0.7631	0.721	3	62.596	3.020	55	25	122-127;1179-1187;1258-1271;1285-1312	
ctl_caph_c_hex	0.809	0.7790-0.8135	0.809	3	65.243	3.103	59	26		
ctl_shufC_hex_a	0.453	0.2370-0.4528	0.333	3	30.731		38	0		
ctl_shufC_hex_b	0.187	0.1138-0.1870	0.129	3	36.876		39	0		
ctl_shufC_hsa	0.249	0.1706-0.2492	0.208	3	36.253		27	0		
ctl_shufN_hex_a	0.256	0.1973-0.2564	0.230	3	28.431		59	0		
ctl_shufN_hex_b	0.264	0.2531-0.2641	0.254	3	31.526		60	0		
ctl_shufN_hsa	0.478	0.1981-0.4776	0.229	3	32.925		33	0		
ctl_swapC_hex_a	0.307	0.1754-0.3073	0.199	3	33.053		54	0		
ctl_swapC_hex_b	0.356	0.2641-0.3560	0.267	3	45.547	17.306	42	3	172-176	
ctl_swapC_hsa	0.591	0.5538-0.5913	0.570	3	68.679	8.467	53	24	1039-1050;1120-1134;1147-1160	
ctl_swapN_hex_a	0.568	0.1674-0.5676	0.236	3	38.438		77	0		
ctl_swapN_hex_b	0.295	0.1960-0.2948	0.220	3	39.015		65	0		
ctl_swapN_hsa	0.196	0.1340-0.1957	0.166	3	43.674		66	0		
mono_hex_a	0.000	0.0000-0.0000	0.000	3	35.326					N 46, C 41 (AlphaFold DB: N 36, C 32)
mono_hex_b	0.000	0.0000-0.0000	0.000	3	32.981					N 39, C 42 (AlphaFold DB: N 49, C 32)
mono_hsa	0.000	0.0000-0.0000	0.000	3	36.292					N 32, C 56 (AlphaFold DB: N 67, C 86)
mono_pme_a	0.000	0.0000-0.0000	0.000	3	31.598					N 36, C 33
mono_pme_b	0.000	0.0000-0.0000	0.000	3	33.425					N 39, C 40
mono_rva_a	0.000	0.0000-0.0000	0.000	3	30.450					N 36, C 31 (AlphaFold DB: N 38, C 41)
mono_rva_b	0.000	0.0000-0.0000	0.000	3	32.098					N 35, C 32 (AlphaFold DB: N 42, C 33)
n_hex_a	0.295	0.1872-0.2949	0.208	3	35.638		73	0		
n_hex_b	0.437	0.2988-0.4372	0.335	3	41.699		72	0		
n_hsa	0.674	0.5967-0.6744	0.606	3	56.463	2.466	77	33	169-195;1001-1032	
n_pme_a	0.289	0.1918-0.2895	0.215	3	41.014		55	0		
n_pme_b	0.392	0.2626-0.3923	0.337	3	45.327		54	0		
n_rva_a	0.383	0.2224-0.3826	0.373	3	43.855		43	0		
n_rva_b	0.481	0.1839-0.4812	0.416	3	38.833		52	0		
